player_name,player_real_name,birth,country,status,team_name,earnings,role,signature_hero
[e][h] Alarm  ,Kim Kyung-bo,"July 21, 2001 (2001-07-21) (age 20)",South Korea,Active,Philadelphia Fusion,"$139,995",Support,"Ana
Zenyatta
Baptiste
Moira
Brigitte"
[e][h] Ameng  ,Ding Menghan,"September 29, 1996 (1996-09-29) (age 25)",China,Active,NA,"$63,364",Tank,"Wrecking Ball
Orisa
Reinhardt"
[e][h] Anamo  ,Jung Tae-sung,"September 2, 1997 (1997-09-02) (age 24)",South Korea,Active,Seoul Dynasty,"$251,179",Support,"Mercy
Lúcio
Baptiste
Brigitte"
[e][h] ANS  ,Lee Seon-chang,"February 4, 2000 (2000-02-04) (age 21)",South Korea,Active,San Francisco Shock,"$335,544",DPS,"Widowmaker
Ashe
McCree
Sombra"
[e][h] ANSOONJAE  ,An Soon-jae,"February 15, 2002 (2002-02-15) (age 19)",South Korea,Active,NA,"$6,581",Support,"Lúcio
Brigitte
Mercy"
[e][h] Architect  ,Park Min-ho,"February 26, 2000 (2000-02-26) (age 21)",South Korea,Active,Hangzhou Spark,"$269,809",DPS,"Genji
Pharah
Doomfist
Tracer
Widowmaker"
[e][h] Aspire  ,Luka Rolovic,NA,United States,Active,NA,"$5,828",DPS,"Tracer
Ashe
Hanzo
Widowmaker
McCree"
[e][h] Assassin  ,Kim Sung-won,"January 7, 2003 (2003-01-07) (age 18)",South Korea,Active,Washington Justice,"$38,889",DPS,"Genji
Echo
Pharah
Tracer
Sombra"
[e][h] Aztac  ,Park Jeong-su,"December 9, 1999 (1999-12-09) (age 21)",South Korea,Active,NA,"$21,965",Support,"Zenyatta
Baptiste
Ana
Moira"
[e][h] BeBe  ,Yoon Hee-chang,"February 3, 1999 (1999-02-03) (age 22)",South Korea,Active,Washington Justice,"$99,165",Support,"Zenyatta
Ana"
[e][h] BERNAR  ,Shin Se-won,"August 18, 2000 (2000-08-18) (age 21)",South Korea,Active,Hangzhou Spark,"$37,703",Tank,"D.Va
Zarya
Sigma
Roadhog"
[e][h] BiaNcA  ,Kim Dong-wook,"January 1, 2002 (2002-01-01) (age 19)",South Korea,Active,New York Excelsior,"$71,174",Tank,"D.Va
Zarya"
[e][h] birdring  ,Kim Ji-hyeok,"May 28, 1999 (1999-05-28) (age 22)",South Korea,Active,Los Angeles Gladiators,"$310,130",DPS,"Widowmaker
Tracer
McCree
Hanzo
Reaper"
[e][h] blasé  ,Jeffrey Tsang,"February 22, 1999 (1999-02-22) (age 22)",United States,Active,London Spitfire,"$10,685",DPS,"Doomfist
Pharah
Soldier: 76
Genji
Hanzo"
[e][h] BQB  ,Lee Sang-bum,"July 3, 1998 (1998-07-03) (age 23)",South Korea,Active,NA,"$36,011",DPS,"Sombra
McCree
Ashe
Reaper
Soldier: 76"
[e][h] Carpe  ,Lee Jae-hyeok,"October 14, 1998 (1998-10-14) (age 22)",South Korea,Active,Philadelphia Fusion,"$186,098",DPS,"McCree
Widowmaker
Tracer
Ashe
Hanzo"
[e][h] ChangSik  ,Moon Chang-sik,"July 1, 1997 (1997-07-01) (age 24)",South Korea,Active,Vancouver Titans,"$37,042",Tank,"Reinhardt
Winston
Wrecking Ball
Orisa"
[e][h] Checkmate  ,Baek Seung-hun,"May 8, 2001 (2001-05-08) (age 20)",South Korea,Active,NA,"$11,756","DPS
Tank","Genji
Tracer
Reaper
Hanzo
Echo"
[e][h] ChoiHyoBin  ,Choi Hyo-bin,"September 5, 1997 (1997-09-05) (age 24)",South Korea,Active,San Francisco Shock,"$586,164",Tank,"D.Va
Roadhog
Sigma
Zarya"
[e][h] ChoiSehwan  ,Choi Se-hwan,"October 13, 2002 (2002-10-13) (age 18)",South Korea,Active,Guangzhou Charge,"$15,925",DPS,"Genji
Pharah
Doomfist
Echo
Tracer"
[e][h] Closer  ,Jung Won-sik,"May 16, 1998 (1998-05-16) (age 23)",South Korea,Inactive,NA,"$248,344",Support,"Mercy
Brigitte
Lúcio
Baptiste
Ana"
[e][h] ColdEst  ,Tong Xiaodong,"March 13, 1999 (1999-03-13) (age 22)",China,Active,Hangzhou Spark,"$29,983",Support,"Zenyatta
Ana
Moira"
[e][h] Colourhex  ,Kelsey Birse,"November 17, 1997 (1997-11-17) (age 23)",New Zealand,Active,Boston Uprising,"$8,482",DPS,"Pharah
Echo
Widowmaker
Hanzo
Tracer"
[e][h] Cr0ng  ,Nam Ki-cheol,"October 3, 1998 (1998-10-03) (age 23)",South Korea,Active,Guangzhou Charge,"$47,855",Tank,"Sigma
Zarya
Roadhog
D.Va
Doomfist"
[e][h] Creative  ,Kim Young-wan,"November 4, 2001 (2001-11-04) (age 19)",South Korea,Active,Seoul Dynasty,"$152,085",Support,"Ana
Zenyatta
Baptiste"
[e][h] Crimzo  ,William Hernandez,"October 3, 1999 (1999-10-03) (age 22)",Canada,Active,Houston Outlaws,"$62,277",Support,"Zenyatta
Moira
Baptiste
Ana"
[e][h] Daan  ,Daniël Scheltema,"February 6, 2001 (2001-02-06) (age 20)",Netherlands,Active,Paris Eternal,"$9,951",Tank,"Wrecking Ball
Orisa
Reinhardt
Winston
Roadhog"
[e][h] Dalton  ,Dalton Bennyhoff,"July 17, 2001 (2001-07-17) (age 20)",United States,Active,Vancouver Titans,"$20,686",DPS,"Tracer
Widowmaker
Reaper"
[e][h] Danteh  ,Dante Cruz,"March 24, 1999 (1999-03-24) (age 22)",United States,Active,Houston Outlaws,"$29,778",DPS,"Sombra
Tracer
Echo
Genji
Mei"
[e][h] Decay  ,Jang Gui-un,"February 27, 2001 (2001-02-27) (age 20)",South Korea,Active,Washington Justice,"$128,234",DPS,"Tracer
Widowmaker
Zarya
McCree
Hanzo"
[e][h] Develop  ,Chae Rak-hoon,"December 16, 2002 (2002-12-16) (age 18)",South Korea,Active,NA,"$273,713",DPS,"McCree
Widowmaker
Tracer
Ashe"
[e][h] Doha  ,Kim Dong-Ha,"June 2, 2000 (2000-06-02) (age 21)",South Korea,Active,Dallas Fuel,"$139,440",DPS,"Sombra
Pharah
Reaper
Echo
Mei"
[e][h] Dreamer  ,Song Sang-lok,"May 31, 1999 (1999-05-31) (age 22)",South Korea,Active,Houston Outlaws,"$23,014",Tank,"Reinhardt
Winston
Wrecking Ball
Orisa"
[e][h] dridro  ,Arthur Szanto,"November 8, 2002 (2002-11-08) (age 18)","France
Brazil",Active,Paris Eternal,"$17,624",Support,"Mercy
Brigitte"
[e][h] Edison  ,Kim Tae-hoon,"November 16, 2001 (2001-11-16) (age 19)",South Korea,Active,Atlanta Reign,"$156,494",DPS,"Tracer
Widowmaker
McCree
Doomfist
Reaper"
[e][h] Eileen  ,Ou Yiliang,"September 26, 2000 (2000-09-26) (age 21)",China,Active,Guangzhou Charge,"$44,080",DPS,"Genji
Doomfist
Sombra
Tracer
Hanzo"
[e][h] Eqo  ,Josue/Josh Corona,"May 10, 1999 (1999-05-10) (age 22)","Israel
Colombia",Active,Philadelphia Fusion,"$177,361",DPS,"Genji
Hanzo
Pharah
Echo
Junkrat"
[e][h] Faith  ,Kim Hong-gyu,"November 16, 2001 (2001-11-16) (age 19)",South Korea,Active,Boston Uprising,"$19,196",Support,"Lúcio
Mercy
Brigitte"
[e][h] Farway1987  ,Cao Jiale,"August 16, 2001 (2001-08-16) (age 20)",China,Active,Chengdu Hunters,"$99,486",Support,"Zenyatta
Ana"
[e][h] Fate  ,Koo Pan-seung,"October 14, 1998 (1998-10-14) (age 22)",South Korea,Active,Shanghai Dragons,"$394,639",Tank,"Winston
Orisa
Wrecking Ball
Reinhardt"
[e][h] FDGod  ,Brice Monsçavoir,"August 27, 2001 (2001-08-27) (age 20)",France,Active,San Francisco Shock,"$75,136",Support,"Lúcio
Brigitte
Baptiste
Mercy"
[e][h] Fearless  ,Lee Eui-Seok,"May 27, 1998 (1998-05-27) (age 23)",South Korea,Active,Dallas Fuel,"$221,497",Tank,"Winston
Reinhardt
Orisa
Wrecking Ball
Roadhog"
[e][h] FEATH5R  ,Lee Seung-woo,"February 12, 2002 (2002-02-12) (age 19)",South Korea,Active,New York Excelsior,"$12,134",DPS,"Sombra
Pharah
Tracer
Mei
Echo"
[e][h] Fielder  ,Kwon Joon,"January 29, 2002 (2002-01-29) (age 19)",South Korea,Active,Dallas Fuel,"$130,284",Support,"Baptiste
Ana
Moira
Zenyatta"
[e][h] Fire  ,Anthony King,"May 29, 1997 (1997-05-29) (age 24)",United States,Active,Vancouver Titans,"$59,196",Support,"Lúcio
Mercy
Brigitte"
[e][h] FITS  ,Kim Dong-eun,"June 22, 2000 (2000-06-22) (age 21)",South Korea,Active,Seoul Dynasty,"$182,608",DPS,"Doomfist
Sombra
Widowmaker
Hanzo
McCree"
[e][h] Fleta  ,Kim Byung-sun,"September 2, 1999 (1999-09-02) (age 22)",South Korea,Active,Shanghai Dragons,"$584,293",DPS,"Genji
Pharah
Tracer
Widowmaker
Echo"
[e][h] Flora  ,Lim Young-woo,"December 26, 2002 (2002-12-26) (age 18)",South Korea,Active,New York Excelsior,"$18,638",DPS,"Sombra
McCree
Widowmaker
Ashe
Tracer"
[e][h] frdwnr  ,Nathan Goebel,"October 11, 1999 (1999-10-11) (age 21)",United States,Active,Vancouver Titans,"$69,407",Tank,"D.Va
Zarya
Roadhog"
[e][h] Friday  ,Jo Min-jae,"June 25, 2001 (2001-06-25) (age 20)",South Korea,Active,New York Excelsior,"$5,996",Support,"Lúcio
Brigitte
Mercy"
[e][h] FunnyAstro  ,Daniel Hathaway,"March 21, 2000 (2000-03-21) (age 21)",United Kingdom,Active,Philadelphia Fusion,"$181,366",Support,"Lúcio
Mercy
Brigitte
Baptiste"
[e][h] Fury  ,Kim Jun-ho,"November 25, 1999 (1999-11-25) (age 21)",South Korea,Active,Washington Justice,"$322,481",Tank,"D.Va
Zarya
Roadhog
Sigma
Wrecking Ball"
[e][h] Fusions  ,Cameron Bosworth,"March 25, 1999 (1999-03-25) (age 22)",United Kingdom,Active,Boston Uprising,"$20,116",Tank,"Reinhardt
Winston
Wrecking Ball
Roadhog
Orisa"
[e][h] GA9A  ,Qiu Jiaxin,"April 12, 2000 (2000-04-12) (age 21)",China,Active,Chengdu Hunters,"$99,677",Tank,"Wrecking Ball
Reinhardt
Winston
Orisa"
[e][h] GaeBullSsi  ,Yun Young-sun,"August 21, 2002 (2002-08-21) (age 19)",South Korea,Active,Boston Uprising,"$23,109",Tank,"D.Va
Zarya
Sigma
Roadhog"
[e][h] Gangnamjin  ,Kang Nam-jin,"November 11, 1998 (1998-11-11) (age 22)",South Korea,Active,NA,"$58,781",Support,"Zenyatta
Baptiste
Ana
Moira"
[e][h] Gargoyle  ,Lee Beom-jun,"November 4, 1998 (1998-11-04) (age 22)",South Korea,Active,NA,"$30,824",Tank,"Zarya
D.Va
Roadhog
Sigma"
[e][h] Gator  ,Blake Scott,NA,United States,Active,Atlanta Reign,"$234,074",Tank,"Reinhardt
Orisa
Winston
Sigma
Wrecking Ball"
[e][h] Gesture  ,Hong Jae-hee,"January 12, 1998 (1998-01-12) (age 23)",South Korea,Active,Seoul Dynasty,"$408,143",Tank,"Winston
Orisa
Reinhardt
Roadhog
Sigma"
[e][h] Glister  ,Lim Gil-seong,"January 26, 2002 (2002-01-26) (age 19)",South Korea,Active,San Francisco Shock,"$64,131",DPS,"Doomfist
McCree
Tracer
Widowmaker
Ashe"
[e][h] guxue  ,Xu Qiulin,"October 16, 2000 (2000-10-16) (age 20)",China,Active,Hangzhou Spark,"$113,152",Tank,"Winston
Reinhardt
Orisa
Wrecking Ball"
[e][h] Gwangboong  ,Kim Gwang-won,"March 1, 2003 (2003-03-01) (age 18)",South Korea,Active,New York Excelsior,"$7,211",DPS,"Widowmaker
Ashe
McCree"
[e][h] Hadi  ,Hadi Daniel Bleinagel,"October 9, 2000 (2000-10-09) (age 20)",Germany,Active,London Spitfire,"$32,144",Tank,"Winston
Reinhardt
Orisa
Wrecking Ball"
[e][h] Hanbin  ,Choi Han-been,"February 20, 2002 (2002-02-20) (age 19)",South Korea,Active,Dallas Fuel,"$181,086",Tank,"Sigma
Zarya
D.Va
Brigitte
Roadhog"
[e][h] Happy  ,Lee Jung-woo,"August 2, 1999 (1999-08-02) (age 22)",South Korea,Active,Houston Outlaws,"$27,152",DPS,"Widowmaker
McCree
Tracer
Ashe
Hanzo"
[e][h] Hawk  ,Xander Domecq,"September 16, 2001 (2001-09-16) (age 20)",United States,Active,Atlanta Reign,"$180,175",Tank,"D.Va
Zarya
Roadhog
Sigma"
[e][h] Heesu  ,Jeong Hee-su,"March 25, 2002 (2002-03-25) (age 19)",South Korea,Active,Toronto Defiant,"$107,442",DPS,"Widowmaker
Sombra
Reaper
McCree
Hanzo"
[e][h] Highbee  ,Zhang Zening,NA,China,Active,Los Angeles Valiant,"$40,416","Support
Tank","D.Va
Zarya
Sigma
Brigitte"
[e][h] HOTBA  ,Choi Hong-joon,"November 30, 1999 (1999-11-30) (age 21)",South Korea,Active,Philadelphia Fusion,"$145,608",Tank,"D.Va
Zarya
Roadhog
Tracer
Sigma"
[e][h] iDK  ,Park Ho-jin,"April 26, 1999 (1999-04-26) (age 22)",South Korea,Active,Hangzhou Spark,"$99,252",Support,"Lúcio
Mercy
Baptiste"
[e][h] im37  ,Hong Jin-ui,"November 20, 1999 (1999-11-20) (age 21)",South Korea,Active,Boston Uprising,"$13,686",DPS,"McCree
Widowmaker
Tracer
Ashe"
[e][h] Ir1s  ,Kim Seung-hyun,"September 10, 2000 (2000-09-10) (age 21)",South Korea,Active,Atlanta Reign,"$154,086",Support,"Zenyatta
Baptiste
Ana
Moira"
[e][h] IZaYaKI  ,Kim Min-chul,"February 22, 2000 (2000-02-22) (age 21)",South Korea,Active,Shanghai Dragons,"$472,807",Support,"Zenyatta
Ana
Baptiste
Moira"
[e][h] JAKE  ,Jacob Lyon,"July 28, 1996 (1996-07-28) (age 25)",United States,Active,Houston Outlaws,"$25,793","DPS
Support","Junkrat
Genji
Soldier: 76
Brigitte
Pharah"
[e][h] Jecse  ,Lee Seung-soo,"May 31, 1999 (1999-05-31) (age 22)",South Korea,Active,NA,"$158,826",Support,"Lúcio
Mercy
Brigitte"
[e][h] Jerry  ,Min Tae-hee,"July 5, 2001 (2001-07-05) (age 20)",South Korea,Active,Washington Justice,"$12,031",DPS,"McCree
Widowmaker
Reaper
Hanzo
Tracer"
[e][h] Jihun  ,Kim Ji-hun,"May 8, 2002 (2002-05-08) (age 19)",South Korea,Active,"Guangzhou Charge
UP Academy","$2,533",Tank,"Wrecking Ball
Reinhardt
Orisa"
[e][h] Jimmy  ,Lei Yujia,"May 11, 2001 (2001-05-11) (age 20)",China,Active,Chengdu Hunters,"$54,571",DPS,"Ashe
Widowmaker
McCree"
[e][h] JinMu  ,Yi Hu,"May 22, 1999 (1999-05-22) (age 22)",China,Active,Chengdu Hunters,"$63,466",DPS,"Genji
Pharah
Hanzo
Doomfist
Torbjörn"
[e][h] JJANGGU  ,Cho Myung-heum,"August 26, 2000 (2000-08-26) (age 21)",South Korea,Active,NA,"$15,521","Tank
DPS","Reinhardt
Wrecking Ball
Winston
Orisa"
[e][h] JJoNak  ,Bang Seong-hyun,"December 20, 1999 (1999-12-20) (age 21)",South Korea,Active,New York Excelsior,"$260,147",Support,"Zenyatta
Ana
Moira
Baptiste"
[e][h] Joobi  ,Enrique Triana,"April 4, 2003 (2003-04-04) (age 18)",United States,Active,NA,"$9,113",Support,"Lúcio
Mercy
Baptiste
Brigitte"
[e][h] Kaan  ,Emir Kaan Okumus,NA,Germany,Active,Paris Eternal,"$15,418",Support,"Baptiste
Ana
Zenyatta"
[e][h] Kai  ,Kai Collins,"June 17, 2000 (2000-06-17) (age 21)",United Kingdom,Active,Atlanta Reign,"$169,606",DPS,"Ashe
Widowmaker
McCree
Hanzo"
[e][h] Kalios  ,Shin Woo-yeol,"November 9, 1998 (1998-11-09) (age 22)",South Korea,Active,New York Excelsior,"$58,767",Tank,"Zarya
D.Va
Sigma"
[e][h] KariV  ,Park Young-seo,"January 8, 1998 (1998-01-08) (age 23)",South Korea,Active,Guangzhou Charge,"$86,776",Support,"Zenyatta
Ana
Moira
Widowmaker
Soldier: 76"
[e][h] Kellex  ,Kristian Keller,"February 9, 1999 (1999-02-09) (age 22)",Denmark,Active,London Spitfire,"$68,151",Support,"Lúcio
Mercy"
[e][h] kevster  ,Kevin Persson,"May 21, 2001 (2001-05-21) (age 20)",Sweden,Active,Los Angeles Gladiators,"$75,247",DPS,"Tracer
Genji
Ashe
Pharah
Widowmaker"
[e][h] Krystal  ,Cai Shilong,"August 22, 2000 (2000-08-22) (age 21)",China,Active,Los Angeles Valiant,"$102,038",DPS,"Genji
McCree
Pharah
Widowmaker
Mei"
[e][h] Lastro  ,Mun Jung-won,"April 2, 2001 (2001-04-02) (age 20)",South Korea,Active,NA,"$26,685",Support,"Zenyatta
Ana
Moira
Baptiste"
[e][h] LateYoung  ,Ma Tianbin,"July 5, 1999 (1999-07-05) (age 22)",China,Active,"Chengdu Hunters
Team Chaser","$97,459",Tank,"Zarya
D.Va"
[e][h] leave  ,Huang Xin,"October 23, 2001 (2001-10-23) (age 19)",China,Active,Chengdu Hunters,"$186,975",DPS,"Tracer
Doomfist
Ashe
Genji
Echo"
[e][h] LeeJaeGon  ,Lee Jae-gon,"August 29, 2001 (2001-08-29) (age 20)",South Korea,Active,Shanghai Dragons,"$446,130",Support,"Lúcio
Mercy
Brigitte"
[e][h] LiGe  ,Jia Chengjie,"September 6, 2001 (2001-09-06) (age 20)",China,Active,"Hangzhou Spark
Bilibili Gaming","$35,333",Tank,"Sigma
D.Va
Zarya"
[e][h] LiNkzr  ,Jiri Masalin,"April 9, 1994 (1994-04-09) (age 27)",Finland,Active,Vancouver Titans,"$43,065",DPS,"Widowmaker
Genji
McCree
Hanzo
Soldier: 76"
[e][h] LIP  ,Lee Jae-won,"November 5, 2001 (2001-11-05) (age 19)",South Korea,Active,Shanghai Dragons,"$500,249",DPS,"Sombra
McCree
Hanzo
Ashe
Tracer"
[e][h] Logix  ,Andreas Berghmans,"June 11, 1997 (1997-06-11) (age 24)",Belgium,Active,NA,"$20,555",DPS,"Tracer
Widowmaker
McCree
Ashe
Reaper"
[e][h] M1ka  ,Liu Jiming,"June 20, 2000 (2000-06-20) (age 21)",China,Active,Hangzhou Spark,"$29,290",Support,"Mercy
Brigitte
Lúcio"
[e][h] Mag  ,Kim Tae-sung,"June 12, 2002 (2002-06-12) (age 19)",South Korea,Active,Washington Justice,"$51,960",Tank,"Reinhardt
Winston
Wrecking Ball
Orisa
Roadhog"
[e][h] Mandu  ,Kim Chan-hee,"June 3, 2002 (2002-06-03) (age 19)",South Korea,Active,Guangzhou Charge,"$66,201",Support,"Lúcio
Mercy
Baptiste"
[e][h] Mano  ,Kim Dong-gyu,"April 12, 1996 (1996-04-12) (age 25)",South Korea,Inactive,NA,"$267,273",Tank,"Winston
Reinhardt
Orisa
Wrecking Ball"
[e][h] Marve1  ,Hwang Min-seo,"October 26, 2000 (2000-10-26) (age 20)",South Korea,Active,Seoul Dynasty,"$190,819",Tank,"Sigma
Reinhardt
Wrecking Ball
Winston
Orisa"
[e][h] Masaa  ,Petja Kantanen,"July 18, 1995 (1995-07-18) (age 26)",Finland,Active,Atlanta Reign,"$210,126",Support,"Lúcio
Mercy
Brigitte"
[e][h] Michelle  ,Choi Min-hyuk,"December 21, 1999 (1999-12-21) (age 21)",South Korea,Active,NA,"$209,947",Tank,"D.Va
Zarya
Roadhog
Sombra"
[e][h] MirroR  ,"Gia Huy ""Chris"" Trịnh","October 14, 2001 (2001-10-14) (age 19)","Vietnam
Latvia",Active,NA,"$67,814",DPS,"Doomfist
Zarya
Torbjörn
Genji
Echo"
[e][h] Mmonk  ,Zhou Xiang,"August 9, 2001 (2001-08-09) (age 20)",China,Active,Chengdu Hunters,"$64,432",Support,"Ana
Zenyatta
Baptiste"
[e][h] MoLanran  ,Liao Yang,"August 24, 2000 (2000-08-24) (age 21)",China,Active,Los Angeles Valiant,"$41,341","DPS
Tank","Tracer
Pharah
Sombra
Doomfist
Junkrat"
[e][h] Molf1g  ,Mikkel Djernes,"September 2, 1997 (1997-09-02) (age 24)",Denmark,Active,London Spitfire,"$40,364",Tank,"D.Va
Sombra
Sigma
Wrecking Ball
Zarya"
[e][h] Molly  ,He Chengzhi,"November 10, 2001 (2001-11-10) (age 19)",China,Active,Shanghai Dragons,"$333,728",Support,"Zenyatta
Baptiste
Ana
Moira"
[e][h] moth  ,Grant Espe,"September 14, 1996 (1996-09-14) (age 25)",United States,Active,Los Angeles Gladiators,"$580,836",Support,"Lúcio
Mercy
Ana
Baptiste
Brigitte"
[e][h] MuZe  ,Kim Young-hun,"September 16, 2002 (2002-09-16) (age 19)",South Korea,Active,NA,"$75,497",Tank,"Winston
Wrecking Ball
Reinhardt
Orisa"
[e][h] MYKaylee  ,Zou Zijie,"March 4, 2001 (2001-03-04) (age 20)",China,Active,"Guangzhou Charge
UP Academy","$7,650",DPS,"Ashe
Sombra
Pharah
Widowmaker
Echo"
[e][h] Myunb0ng  ,Seo Sang-min,"June 12, 1999 (1999-06-12) (age 22)",South Korea,Active,Boston Uprising,"$35,791",Support,"Zenyatta
Ana
Moira"
[e][h] Na1st  ,Lee Ho-sung,"January 20, 2003 (2003-01-20) (age 18)",South Korea,Active,NA,"$37,568",DPS,"Genji
Tracer
Mei
Echo
Pharah"
[e][h] Naga  ,Nikolai Dereli,"January 28, 2001 (2001-01-28) (age 20)",Denmark,Active,Paris Eternal,"$25,145",DPS,"Genji
Pharah
Hanzo
Mei
Echo"
[e][h] nero  ,Charlie Zwarg,"May 31, 2001 (2001-05-31) (age 20)",United States,Active,San Francisco Shock,"$73,829",DPS,"Pharah
Mei
Echo
Torbjörn
Tracer"
[e][h] Nisha  ,Tan Li,"April 6, 2002 (2002-04-06) (age 19)",China,Active,Chengdu Hunters,"$87,014",Support,"Mercy
Lúcio
Brigitte"
[e][h] NvM  ,Wen Yelin,"December 24, 1997 (1997-12-24) (age 23)",China,Active,Los Angeles Valiant,"$7,951",Tank,"Winston
Reinhardt
Orisa"
[e][h] OGE  ,Son Min-seok,"October 15, 1999 (1999-10-15) (age 21)",South Korea,Active,NA,"$33,716",Tank,"Winston
Reinhardt
Wrecking Ball
Orisa"
[e][h] Onigod  ,Stefan Fiskerstrand,"July 29, 1997 (1997-07-29) (age 24)",Norway,Active,NA,"$46,024",DPS,"Tracer
McCree
Widowmaker
Soldier: 76
Ashe"
[e][h] Pelican  ,Oh Se-hyun,"July 5, 2002 (2002-07-05) (age 19)",South Korea,Active,Atlanta Reign,"$160,811",DPS,"Echo
Sombra
Mei
Genji
Tracer"
[e][h] PIGGY  ,Shin Min-jun,"November 19, 1999 (1999-11-19) (age 21)",South Korea,Active,Houston Outlaws,"$28,619",Tank,"Zarya
D.Va
Sigma"
[e][h] Pine  ,Kim Do-hyeon,"August 15, 1997 (1997-08-15) (age 24)",South Korea,Active,NA,"$279,149",DPS,"McCree
Widowmaker
Ashe
Junkrat
Tracer"
[e][h] Poko  ,Gael Gouzerch,"July 21, 1996 (1996-07-21) (age 25)",France,Active,Philadelphia Fusion,"$198,365",Tank,"D.Va
Sigma
Zarya
Roadhog"
[e][h] Profit  ,Park Joon-yeong,"November 19, 1999 (1999-11-19) (age 21)",South Korea,Active,Seoul Dynasty,"$424,856",DPS,"Tracer
Genji
Hanzo
Pharah
Ashe"
[e][h] Punk  ,Leyton Gilchrist,"October 22, 2001 (2001-10-22) (age 19)","Australia
United States",Active,Boston Uprising,"$17,268",Tank,"Sigma
D.Va
Zarya
Roadhog"
[e][h] Rapel  ,Kim Jun-keun,"March 30, 1998 (1998-03-30) (age 23)",South Korea,Retired,NA,"$258,708",Support,"Zenyatta
Ana
Moira
Baptiste"
[e][h] Rascal  ,Kim Dong-jun,"July 23, 1998 (1998-07-23) (age 23)",South Korea,Active,Philadelphia Fusion,"$567,124","DPS
Support","Genji
Pharah
Tracer
Echo
Mei"
[e][h] Rio  ,Oh Seung-pyo,"April 19, 2000 (2000-04-19) (age 21)",South Korea,Active,Guangzhou Charge,"$31,280",Tank,"Wrecking Ball
Winston
Orisa
Reinhardt"
[e][h] Ripa  ,Riku Toivanen,"November 29, 2000 (2000-11-29) (age 20)",Finland,Active,London Spitfire,"$92,125",Support,"Moira
Zenyatta
Ana
Baptiste"
[e][h] Roolf  ,Randal Stark,"April 4, 1995 (1995-04-04) (age 26)",Canada,Active,Vancouver Titans,"$33,909",Support,"Zenyatta
Ana"
[e][h] SADO  ,Kim Su-min,"January 15, 1999 (1999-01-15) (age 22)",South Korea,Active,NA,"$163,333",Tank,"Winston
Reinhardt
Orisa
Wrecking Ball"
[e][h] Saebyeolbe  ,Park Jong-ryeol,"December 23, 1995 (1995-12-23) (age 25)",South Korea,Active,Seoul Dynasty,"$270,295",DPS,"Tracer
McCree
Reaper
Sombra
Widowmaker"
[e][h] SeoMinSoo  ,Seo Min-soo,"July 6, 2000 (2000-07-06) (age 21)",South Korea,Active,Hangzhou Spark,"$171,097","DPS
Tank","Reaper
Zarya
Doomfist
Pharah
Sombra"
[e][h] Shax  ,Johannes Nielsen,"April 9, 1999 (1999-04-09) (age 22)",Denmark,Active,"London Spitfire
British Hurricane","$42,225",DPS,"Tracer
Widowmaker
McCree
Hanzo
Reaper"
[e][h] sHockWave  ,Niclas Jensen,"July 25, 2000 (2000-07-25) (age 21)",Denmark,Active,Philadelphia Fusion,"$12,279",DPS,"Widowmaker
McCree
Ashe
Hanzo
Echo"
[e][h] ShowCheng  ,Cheng Yu,"April 28, 2001 (2001-04-28) (age 20)",China,Active,Los Angeles Valiant,"$28,603","DPS
Tank","D.Va
Doomfist
Sigma
Echo
Zarya"
[e][h] Shu  ,Kim Jin-seo,"July 12, 2000 (2000-07-12) (age 21)",South Korea,Active,Los Angeles Gladiators,"$73,847",Support,"Zenyatta
Ana
Widowmaker
Moira
Baptiste"
[e][h] Shy  ,Zheng Yangjie,"October 22, 2002 (2002-10-22) (age 18)",China,Active,Hangzhou Spark,"$33,452","DPS
Support","Widowmaker
McCree
Tracer
Hanzo
Ashe"
[e][h] Silver3  ,Han Haibo,"March 19, 2000 (2000-03-19) (age 21)",China,Active,Los Angeles Valiant,"$37,401",Tank,"Wrecking Ball
Reinhardt
Winston
Orisa"
[e][h] skewed  ,Kim Min-seok,"January 11, 2001 (2001-01-11) (age 20)",South Korea,Active,Los Angeles Gladiators,"$44,663",Support,"Zenyatta
Brigitte
Baptiste
Ana"
[e][h] SLIME  ,Kim Sung-jun,"January 12, 2000 (2000-01-12) (age 21)",South Korea,Active,NA,"$309,450",Support,"Lúcio
Baptiste
Mercy
Brigitte"
[e][h] smurf  ,Yoo Myeong-hwan,"March 12, 2000 (2000-03-12) (age 21)",South Korea,Active,San Francisco Shock,"$586,063",Tank,"Winston
Orisa
Wrecking Ball
Reinhardt
Roadhog"
[e][h] SP9RK1E  ,Kim Yeong-han,"May 31, 2002 (2002-05-31) (age 19)",South Korea,Active,Dallas Fuel,"$165,793",DPS,"Doomfist
Genji
Pharah
Echo
Tracer"
[e][h] SPACE  ,Indy Halpern,"March 28, 2000 (2000-03-28) (age 21)",United States,Active,Los Angeles Gladiators,"$141,697",Tank,"D.Va
Roadhog
Zarya
Sigma"
[e][h] SparkR  ,William Andersson,"June 10, 2003 (2003-06-10) (age 18)",Sweden,Active,"London Spitfire
British Hurricane","$44,709",DPS,"Widowmaker
Ashe
Tracer
McCree
Hanzo"
[e][h] Stand1  ,Seo Ji-won,"September 14, 1999 (1999-09-14) (age 22)",South Korea,Active,Boston Uprising,"$120,561",Tank,"Reinhardt
Wrecking Ball
Winston
Orisa
Roadhog"
[e][h] super  ,Matthew DeLisi,"March 28, 2000 (2000-03-28) (age 21)",United States,Active,San Francisco Shock,"$590,252",Tank,"Reinhardt
Winston
Roadhog
Orisa"
[e][h] ta1yo  ,Sean Taiyo Henderson,"April 12, 2000 (2000-04-12) (age 21)","Japan
United States",Active,San Francisco Shock,"$324,678",DPS,"Tracer
Genji
Ashe
Reaper
Widowmaker"
[e][h] TAROCOOK1E  ,Zhong Yunlong,NA,China,Active,Chengdu Hunters,"$55,630",DPS,"Widowmaker
Tracer
Ashe
McCree"
[e][h] Teru  ,Kim Min-ki,"December 15, 2002 (2002-12-15) (age 18)",South Korea,Active,Vancouver Titans,"$11,393",DPS,"Genji
Pharah
Echo
Doomfist
Mei"
[e][h] tobi  ,Yang Jin-mo,"February 26, 1994 (1994-02-26) (age 27)",South Korea,Active,Philadelphia Fusion,"$253,629",Support,"Lúcio
Mercy
Baptiste
Brigitte"
[e][h] Toyou  ,Lim Hyeon-woo,"June 27, 2001 (2001-06-27) (age 20)",South Korea,Active,Seoul Dynasty,"$135,865",Tank,"D.Va
Sigma
Zarya"
[e][h] Tsuna  ,Samir Ikram,"August 31, 2001 (2001-08-31) (age 20)",France,Active,NA,"$17,696",DPS,"Tracer
Zarya
Widowmaker"
[e][h] TTuba  ,Lee Ho-sung,"September 21, 1999 (1999-09-21) (age 22)",South Korea,Active,NA,"$64,925",DPS,"Pharah
Genji
Tracer
Doomfist
Sombra"
[e][h] Twilight  ,Lee Joo-seok,"February 8, 1998 (1998-02-08) (age 23)",South Korea,Active,San Francisco Shock,"$487,837",Support,"Ana
Zenyatta
Baptiste
Moira
Brigitte"
[e][h] Valentine  ,Kim Byeong-ju,"February 14, 2003 (2003-02-14) (age 18)",South Korea,Active,Boston Uprising,"$23,203",DPS,"Doomfist
Pharah
Genji
Echo
Mei"
[e][h] Vestola  ,Ilari Vestola,NA,Finland,Active,NA,"$12,381",Tank,"D.Va
Sigma"
[e][h] Viol2t  ,Park Min-ki,"April 17, 2000 (2000-04-17) (age 21)",South Korea,Active,San Francisco Shock,"$585,697",Support,"Zenyatta
Baptiste
Moira
Ana"
[e][h] Void  ,Kang Jun-woo,"October 2, 1996 (1996-10-02) (age 25)",South Korea,Active,Shanghai Dragons,"$511,008",Tank,"Sigma
D.Va
Zarya
Roadhog"
[e][h] WhoRU  ,Lee Seung-jun,"August 23, 2001 (2001-08-23) (age 20)",South Korea,Active,Shanghai Dragons,"$394,024",DPS,"Genji
Tracer
Doomfist
Pharah
Torbjörn"
[e][h] Wya  ,Qi Haomiao,"December 21, 2000 (2000-12-21) (age 20)",China,Active,Los Angeles Valiant,"$57,943",Support,"Ana
Zenyatta
D.Va
Zarya"
[e][h] Yaki  ,Kim Jun-ki,"June 11, 2001 (2001-06-11) (age 20)",South Korea,Active,Florida Mayhem,"$53,084",DPS,"Genji
Pharah
Tracer
Echo
Doomfist"
[e][h] Yakpung  ,Jo Gyeong-mu,"January 29, 2001 (2001-01-29) (age 20)",South Korea,Active,New York Excelsior,"$23,834",Tank,"Reinhardt
Winston
Wrecking Ball
Orisa"
[e][h] Yveltal  ,Li Xianyao,"September 29, 2000 (2000-09-29) (age 21)",China,Active,"Chengdu Hunters
Team Chaser","$68,185",Support,"Mercy
Lúcio
Zenyatta
Baptiste
Brigitte"
